収集日時,会社名,TEL,事業所区分,業種名,事業所数,店舗数,工場数,業態,事業概要,事業戦略,競合他社/競合店,主要製品名,法人番号,郵便番号,所在地,コーポレートサイトURL,上場区分,資本金,設立年月日,代表者肩書名,代表者名,売上高,経常利益,営業利益,役員,FAX番号,お問い合わせ先のメールアドレス,採用に関する連絡先メールアドレス,掲載中の求人サイト名,お問い合わせフォームのURL,公式facebookのURL,公式X(旧:Twitter)のURL,公式InstagramのURL,公式YouTubeのURL
2024/09/15/00:10,日昭 株式会社,042-656-2400,支店,金属製品製造業、建設業、住宅設備・リフォーム業,24,24,5,BtoB、BtoC,日昭株式会社は、アルミ総合建材及び住宅関連機器の製造販売を行い、住宅総合リフォームも手掛けています。特に雪国の住宅に適した製品を提供し、地域密着型のサービスを展開しています。キーワード: アルミ建材、住宅リフォーム、地域密着,本社を札幌に移転し、全国的な支店拡大と南アジアへの進出を計画。設備投資と社員福利厚生の充実を図り、5年以内に100億円企業を目指す。,TOTO株式会社/アルインコ株式会社/三谷商事株式会社/鈴与商事株式会社/タカラベルモント株式会社/クレトイシ株式会社,アルミサッシ、網戸、カーポート、台風用雨戸【マドガード】,9.0132E+12,007-0827,北海道札幌市東区東雁来7条3丁目1番3号,https://www.nissho-grp.co.jp/,未上場,"9,600万円",1970/4/1,代表取締役,渡辺 征昭,"5,295,000千円",,,渡辺 征昭/大下 幹/安田 欣哉/渡邊 逸人/仲 猛夫,011-790-1755,,,マイナビ転職/求人ボックス/Indeed,https://www.nissho-grp.co.jp/estimate,https://m.facebook.com/nissho.shikoku/,日昭リンク,https://www.instagram.com/nissholink/,https://www.youtube.com/channel/UCZGU49U-HRbpMg-dyVuIloA
2024/09/15/00:11,株式会社 Lateral Kids,022-797-7717,,保育サービス業、子育て支援事業、人材育成事業,50,,,BtoC,株式会社Lateral Kidsは、宮城県仙台市に本社を置き、保育サービス業を中心に子育て支援や人材育成事業を展開しています。特に「もりのなかま保育園」を運営し、子どもたちの個性を尊重し、健やかな成長を促す保育を提供しています。キーワード: 保育サービス、子育て支援、人材育成、地域密着、障害児支援。,地域社会のニーズに応じたサービスを展開し、働く女性を支援する環境作りを推進。,株式会社トムズ/STAR.C株式会社/社会福祉法人/企業内保育所,もりのなかま保育園,,,宮城県仙台市青葉区一番町二丁目5-22 GC青葉通りプラザ2階,,非上場,"5,000万円",2013/7/1,代表取締役,,,,,,022-797-7718,,,,,,,,
2024/09/15/00:11,有限会社マルカコーポレーション,03-6260-7191,,産業廃棄物収集運搬業、解体工事業、金属リサイクル業,,,,BtoB,有限会社マルカコーポレーションは、解体工事を主軸に、産業廃棄物の収集運搬、金属リサイクル、一般貨物運送事業を展開しています。環境に配慮した事業運営を心がけ、循環型社会の構築に貢献しています。地域密着型のサービス提供を特徴とし、顧客ニーズに柔軟に対応しています。キーワード：解体工事、産業廃棄物、リサイクル、環境配慮、地域密着,次世代のための自然環境に優しい企業作りを目指し、持続可能な社会への貢献を重視しています。最新技術の導入や効率的な運営方法の採用によるコスト削減とサービス品質向上、社員のスキルアップや資格取得支援制度の整備による人材育成に注力しています,佐藤技建株式会社/株式会社泉田産業/株式会社白高商事,解体工事サービス、産業廃棄物収集運搬サービス、金属リサイクルサービス、一般貨物運送サービス,3.3701E+12,989-0841,宮城県刈田郡蔵王町大字小村崎字大久保80番地2,,非上場,,2003/6/6,代表取締役,鹿島 宗和,,,,,0224-22-7107,info@marukacorp.co.jp,,,,,,,
2024/09/15/00:12,株式会社 介護NEXT,0120-18-4541,本社,老人福祉・介護事業,300,300,0,"BtoC, BtoB",株式会社介護NEXTは、「寝たきりにさせない」をテーマに、歩行改善と認知機能改善を重視した介護施設を全国展開しています。主なサービスには、デイサービス「GENKI NEXT」、訪問鍼灸マッサージ「GENKI SUN」、サービス付き高齢者住宅「げんきスマイル」などがあります。,訪問医療マッサージの導入と拡大、デイサービスの生き残り戦略、地域密着型サービスの展開、認知機能改善と歩行改善、新業態モデルの導入,エイプレイス/ALSOK介護株式会社/株式会社リプライム,"GENKI NEXT, 健康サポートげんき, ゲンキスマイル, グッドライフ, 健康サポートげんき プレミアムケア, メディナス訪問看護ステーション, GENKI SUN",2.07E+12,372-0812,群馬県伊勢崎市上泉町157番地1,http://www.genki-next.com/,非上場,"5,000万円",2009/4/1,代表取締役社長,大場 隆幸,,,925千円（予測）,大平 雄伸/大場 隆幸/草間 輝之,0270-61-8961,,,ジョブメドレー/リクナビNEXT/jbplt.jp/介護NEXT公式採用サイト/カイゴジョブ,https://kaigo-next.com/sp/contact/,,公式X,,
2024/09/15/00:12,株式会社TSビルシステム,048-421-5925,本社,総合ビル管理業,10,0,0,BtoB,建築物環境衛生総合管理、施設警備、駐車場管理、受付サービス、設備運転保守、飲料水管理、害虫駆除、公園管理、マンション管理、エレベーター保守、自動ドア保守、プール運営。キーワード: ビル管理、衛生管理、警備、設備保守。,高品質なビル管理サービスの提供、SDGsへの取り組み、地域社会との連携、多様な人材の活用。,NJSS、nSearchで確認可能,建築物環境衛生総合管理、施設警備、駐車場管理、受付サービス、設備運転保守、飲料水管理、害虫駆除、公園管理、マンション管理、エレベーター保守、自動ドア保守、プール運営。,6.03E+12,335-0034,埼玉県戸田市笹目6-12-1,http://ts-builsystem.jp/,未上場,"1,000万円",2003/2/7,代表取締役,本田 友彦,,,,,048-421-5507,info@ts-builsystem.jp,,kyujinbu.com / Indeed / はたらいく / とらばーゆ,http://ts-builsystem.jp/contact/,,,,
2024/09/15/00:13,ALSOK介護株式会社,0120-294-331,本社,介護サービス業,296,141,,BtoC,ALSOK介護株式会社は、高齢者向けの多様な介護サービスを提供しています。訪問介護、デイサービス、介護付有料老人ホームなどを展開し、地域社会に貢献しています。キーワード: 介護、訪問介護、デイサービス、老人ホーム。,高品質なサービスの提供と人材育成、デジタル化の推進、地域包括ケアの強化を通じて、地域社会に貢献することを目指しています。,SOMPOケア/株式会社木下の介護,訪問介護サービス、デイサービス、介護付有料老人ホーム,3.03E+12,330-0856,埼玉県さいたま市大宮区三橋2丁目795番地,https://kaigo.alsok.co.jp/,非上場,1億円,1998/1/1,代表取締役社長,熊谷 敬,"219,588,250",,,熊谷 敬/栢木 伊久二/百武 尚樹/鈴木 基久,048-631-2110,,shinsotsu_saiyou@kaigo.alsok.co.jp,ALSOK介護株式会社採用サイト/doda/リクルートエージェント/はたらいく,,https://www.facebook.com/p/Alsok%E4%BB%8B%E8%AD%B7%E6%A0%AA%E5%BC%8F%E4%BC%9A%E7%A4%BE-100089018348204/,,,https://www.youtube.com/channel/UCXJoISZhAwjHZjALqcb3jfw
2024/09/15/00:14,株式会社 アイダ設計,050-3115-3636,本社,不動産業および建設業,91,91,1,BtoC,株式会社アイダ設計は、住宅・不動産業を中心に、分譲住宅の企画・販売、注文住宅の商品企画・建築請負、賃貸建物の建築請負、住宅用地の仕入れ、インテリア商品の販売、入居後のアフターメンテナンスなどを行っています。また、建設業や建築設計、土地造成、製材業も手掛けています。キーワード: 住宅、不動産、建築請負、アフターメンテナンス。,コミュニケーション最適化、広告コスト削減、SDGsへの取り組み、働き方改革。,積水ハウス/新昭和/タマホーム/ユニバーサルホーム/アエラホーム,ブラーボシリーズ、999万円の家、ブラーボミニマル プラス,9.03E+12,330-0854,埼玉県さいたま市大宮区桜木町2丁目286番地,https://www.aidagroup.co.jp/,TOKYO PRO Market,"2億1,632万円",1981/1/6,代表取締役社長,會田 貞光,"578,900,000","303,000","806,000",會田 貞光/會田 大輔/阿部 真寿美/時田 清一郎/川村 達郎/岩井 克己/川村 益之/東目 拓也/堀越 佳孝/佐藤 紀彦/森中 剛,048-650-0090,personal-info@aidagroup.co.jp,jinji@aidagroup.co.jp,リクナビNEXT/エンゲージ/マイナビ転職/jbplt.jp/HRMOS,https://secure.aidagroup.co.jp/chuumon/coming.php?naiyou=%97%88%93X%97%5C%96%F1%81i%83u%83%89%81%5B%83%7B%83t%83%40%83%7E%83%8A%81j,,,,
2024/09/15/00:15,共立建設 株式会社,048-778-9825,支店,建設業,18,0,0,BtoB,共立建設株式会社は、建築・土木工事の請負、修繕、保守、設計、施工監理を行い、不動産の斡旋、売買、賃貸管理も手掛けています。NTT関連施設やオフィス、マンションなど多様な案件に対応しています。キーワード: 建築、土木、NTT、施工管理、不動産,多様な建設業務への対応、NTT関連企業としての強み、技術革新とICTの活用,鹿島建設/大成建設,建築工事、土木工事、NTT通信関連施設の施工,4.03E+12,150-0043,東京都渋谷区道玄坂一丁目16番10号 渋谷DTビル,https://www.kyoritsu-con.co.jp/,非上場,10億円,1956/8/10,代表取締役社長,佐藤 啓孝,"49,355,000","17,780,000","16,790,000",武内 一夫/竹内 範明/齋藤 仁/高松 仁/雪丸 美雄/鎌田 典余/山下 恭文/岡田 昌輝/香月 重人,048-284-1235,info@kyouritsu-k.com,info@jobs-c.com,求人ボックス/リクルートエージェント/doda/Indeed/マイナビ転職,https://www.kyoritsu-con.co.jp/contactus/,https://www.facebook.com/kyouritsu.k/?locale=hr_HR,,https://www.instagram.com/kyoritsu_kensetsu_1987/,https://www.youtube.com/channel/UCuoey44tANQn4PZExVdyHdg
2024/09/15/00:18,株式会社 アミス,049-234-8098,本社,サービス業（高齢者施設の給食受託サービス）,2,,,BtoB,株式会社アミスは、医療・福祉関連施設向けに食事提供サービスを展開しています。給食受託業務、機能性食品の開発・製造、食材販売、食堂経営コンサルティングなどを行い、高齢者向けの栄養バランスを考慮した献立作成や食材調達を一元管理し、安全で美味しい食事を提供しています。キーワード: 給食受託、食材販売、栄養管理、安全性,給食受託事業の拡大、ミールキットの製造と販売、効率性の向上、成長戦略との整合性,株式会社ニフス/日清医療食品株式会社/シダックス株式会社/富士産業株式会社,食事提供サービス、調理済みおかずセット、衛生管理,3.03E+12,350-1175,埼玉県川越市笠幡4527-1,http://www.k-amis.com/,非上場,"1,000万円",2004/2/16,代表取締役,松原 茜,,,,松原 茜/植田 剛史/澁谷 亜耶/米村 昌晃,049-234-8099,,,Indeed/amis2021.com/ジョブメドレー/ハローワーク,https://amis-recruit.com/contact/,,,https://www.instagram.com/amis_2021_816/,
2024/09/15/00:18,AGSプロサービス株式会社,03-5704-8525,本社,情報サービス業,,,0,BtoB,AGSプロサービス株式会社は、コンピュータシステムの運営管理、人材派遣、BPO事業を展開し、企業の業務効率化を支援しています。キーワード: ITソリューション、人材派遣、BPO,DXビジネスの推進、組織改革、人材育成を通じて、顧客のデジタル化支援を強化しています。,株式会社ラクス/株式会社NTTデータグループ/株式会社リクルートホールディングス,コンピュータシステムの運営管理、人材派遣、BPO事業,3.03E+12,330-0075,埼玉県さいたま市浦和区針ヶ谷4-2-11,https://www.ags-ps.co.jp/,未上場,3億円,2004/1/1,代表取締役社長,小金井 忠夫,,,"1,272,000千円",小金井 忠夫/山形 真生/藤倉 広幸/梅澤 英雄/菊岡 俊哉,048-825-6008,,,Indeed/えんと～り/はたらいく/エン転職,,,,,
2024/09/15/00:20,西武ハイヤー株式会社,04-2997-9111,,陸運業,10,,,BtoC,西武ハイヤー株式会社は、西武グループに所属するタクシー・ハイヤー事業者で、埼玉県南西部交通圏と東京都多摩地区を中心に営業しています。タクシー293台、ハイヤー28台を保有し、地域密着型のサービスを提供しています。キーワード: タクシー、ハイヤー、地域密着、BtoC、埼玉、東京,地域の交通インフラとしての役割を強化し、デジタル技術を活用して効率的かつ利便性の高いサービスを提供することに重点を置いています。クラウド型配車システムの導入やDX化を推進しています。,ディー・エイチ・エル・ジャパン/東武シェアードサービス,タクシーサービス、ハイヤーサービス、クラウド型タクシー配車システム,2.0133E+12,359-1131,埼玉県所沢市久米546-1,https://www.seibuhire.co.jp/,非上場,"3,000万円",1967/6/7,代表取締役,刈屋 輝彦,"27,880,000千円",,,鈴井 博文,04-2993-3555,,spiral_saiyo@seibuhire.jp,西武ハイヤー公式サイト/求人ボックス/マイナビ転職/DODA/はたらいく,,,,,
2024/09/15/00:23,ユアサ電池サービス販売 株式会社,048-461-4155,本社,卸売業,9,9,,BtoB/BtoC,ユアサ電池サービス販売株式会社は、自動車用バッテリーやカー用品の卸売を行う企業で、全国規模で事業を展開しています。主要取引先にはジーエス・ユアサがあり、オリジナルブランド商品の開発も行っています。キーワード: バッテリー、卸売、カー用品、オリジナルブランド。,バッテリー販売を中心に、カー用品やOA機器の販売、損害保険代理業務を展開。全国規模での展開とグループ企業との連携により、地域密着型のビジネスモデルを構築。,トークシステム/JEVIC,自動車用バッテリー、輸入車用バッテリー、オートバイ用バッテリー、産業機械用バッテリー、農機用バッテリー、船舶用バッテリー、バッテリー充電器、バックアップ電源、カー用品,3.03E+12,351-0012,埼玉県朝霞市栄町4丁目1番16号,http://www.yds-gr.com/ydsh/copr.html,非上場,"3,000万円",Nov-68,代表取締役社長,佐藤 嘉友,"7,316,100千円","195,726千円",,佐藤 公男/佐藤 真紀/田島 俊和,048-451-5744,,,エンゲージ/会社の評判/エン転職/リクナビNEXT,,,,,
2024/09/15/00:24,株式会社 SANBI,048-480-4302,本社,農業,,,,BtoB,株式会社SANBIは、埼玉県新座市に本社を置き、ビルメンテナンスや清掃業務を行っています。高所作業専門の清掃業から始まり、総合管理業にシフトし、ビルの設備メンテナンスや定期清掃、害虫駆除などを手掛けています。キーワード: ビルメンテナンス、清掃業務、総合管理、高所作業、害虫駆除,高所作業を含む全ての清掃業務を自社で行える強みを持ち、急な依頼にも対応できる体制を整えています。スタッフの教育を徹底し、コストダウンや管理方法の改善を提案することで顧客満足度の向上を図っています。,,,3.03E+12,352-0011,埼玉県新座市片山1丁目4番28号,https://www.sanbi1331.co.jp/,非上場,300万円,2006/5/1,代表取締役,丑山 幸己,,,,丑山 幸己,,,,リジョブ/TOWN WORK,https://www.sanbi1331.co.jp/,,,,
2024/09/15/00:26,株式会社VOLLMONT セキュリティサービス松戸支社,047-382-5575,,警備業,,,,BtoB,建物の警備、現金や貴金属の輸送時の警備、身辺警備を総合的に行い、防犯防災に関するコンサルティングも提供。キーワード: 警備、輸送、コンサルティング、安全。,多様な警備サービスとコンサルティングを通じて顧客のニーズに応える。,セコム株式会社/ALSOK（綜合警備保障株式会社）/中央警備保障株式会社/テイケイ株式会社。,建物警備、現金護送警備、工事現場警備、コンサルティングサービス。,,271-0091,千葉県松戸市本町19-12,,,,,,,,,,,047-382-5576,,,,,,,,
2024/09/15/00:27,株式会社 クローバー,090-3339-6953,本社,農業,23,,,"BtoB, BtoC","株式会社クローバーは、福祉用具の貸与や居宅介護支援を行う企業で、地域密着型のサービスを提供しています。福岡県と東京都に事業所を持ち、利用者の自立した生活を支援しています。キーワード: 福祉用具貸与, 居宅介護支援, 地域密着型サービス",福祉と他のビジネスモデルを組み合わせた「福祉 × 〇〇」アプローチを基盤に、シナジー効果を生み出し、付加価値を提供することを目指しています。,クローバテック株式会社/株式会社クローバー情報システム/株式会社クローバー・ガーデン,"小型緊急呼吸器, スペア・エア, 担架, ストレッチャー, 救助用ロープ",1.0104E+12,160-0004,東京都新宿区四谷4丁目12番地,https://clover.co.jp/,非上場,"3,000万円",1982/7/1,代表取締役,吉田 直樹,"10,100,000千円","14,852千円","2,000,000千円",吉田 直樹/内山 知史,03-5315-0325,,,,,,,,
2024/09/15/00:28,サンコー・エア・セルテック株式会社,03-3234-1399,本社,複合サービス事業,,0,1,BtoB,サンコー・エア・セルテック株式会社は、航空機の製造・整備、航空貨物の取り扱い、通関業務を行う企業です。主な事業には、航空機のリフレッシュ業務、周辺機器の点検・整備、国際航空貨物の輸出入業務が含まれます。キーワード: 航空機製造、整備、物流、通関業務,航空機製造と整備の技術力を活かし、国際物流の効率化を図る。,JALスカイ / スイスポートジャパン / 極東開発工業株式会社,ボーイング787部品、エアバスA320neoエンジンブレード,7.01E+12,101-0051,東京都千代田区神田神保町3-10-2 共立ビル2階,https://www.sanko-as.co.jp/,未上場,"5,000万円",1976/3/22,代表取締役社長,管野 升太郎,4500000千円,,,管野 升太郎 / 塩野谷 清彦 / 藤井 正一 / 阿佐 正博 / 金子 喜行 / 安藤 与士夫 / 水野 雅裕,03-3234-1204,s-jinji@sanko-as.co.jp,s-jinji@sanko-as.co.jp,求人ボックス / エンゲージ,,https://www.facebook.com/sanko.as,,,
2024/09/15/00:30,株式会社ヒノキヤグループ,080-3345-8274,本社,住宅建設業,,173,,"BtoB, BtoC",株式会社ヒノキヤグループは、住宅事業を中心に、断熱材、不動産投資、リフォーム事業を展開しています。主力商品には省エネECO住宅や全館空調システム「Z空調」があり、高品質な住環境の提供を目指しています。キーワード: 住宅事業、断熱材、不動産投資、リフォーム、Z空調,持続的成長と企業価値の向上を目指し、注文住宅事業をコアに多角化を推進。特許取得の「Z空調」を標準装備し、3ブランド戦略で市場シェア拡大を図る。,大京穴吹不動産/デザインアーク,Z空調、桧家住宅、パパまるハウス,2.03E+12,100-0005,東京都千代田区丸の内1丁目8番3号、丸の内トラストタワー本館,https://www.hinokiya-group.jp/,東証プライム,1億円,1988/10/13,代表取締役社長・CEO,近藤 昭,"1,421,000,000千円","75,000,000千円","75,000,000千円",,,,,,,,,,
2024/09/15/00:32,株式会社アリエル,03-4400-6547,本社,コンピューター - ITサービス,,3,,BtoB,株式会社アリエルは、3Dプリンタを活用した製作依頼サービスを提供し、CADデータの作成から試作、製作、後加工までをワンストップで対応しています。また、ITソリューション事業部では画像分析やAIカメラの導入、自社システム製品の開発、クラウドコンピューティングの導入支援などを行っています。キーワード: 3Dプリンタ、ITソリューション、CADデータ、クラウドコンピューティング,システム受託開発とソフトウェア販売、人材サービスとキャリア支援、教育と研修プログラムを通じて市場での地位を強化し、多様な顧客ニーズに応えるための基盤を構築しています。,株式会社資生堂/株式会社日本色材工業研究所/小林製薬株式会社,FEMMUE、PURCELL、3D造形サービス、IT技術によるモノづくり支援,8.0104E+12,150-0002,東京都渋谷区渋谷3丁目5-16 渋谷3丁目スクエアビル2F,https://www.ariel-inc.jp/,非上場,"1,000万円",2010/11/19,代表取締役,桐岡 勝正,,,,内海 大祐,03-3221-3135,ariel@allure-h.jp,,Indeed/エン転職,https://www.ariel-inc.jp/%E8%A6%8B%E7%A9%8D%E7%9B%B8%E8%AB%87-%E5%95%8F%E5%90%88%E3%81%9B/%E5%80%8B%E4%BA%BA/,https://www.facebook.com/ariel.co.ltd/,LakaBeauty_JP,,
2024/09/15/00:35,NRMビジネスパートナー株式会社,03-3258-8678,本社,記録情報管理業務、ビジネスプロセスアウトソーシング（BPO）,3,,,BtoB,NRMビジネスパートナー株式会社は、記録情報管理業務を中心に、官公庁や民間企業、大学向けに情報資産管理のコンサルティングや業務支援を行っています。デジタル化やIT化を推進し、効率的な情報管理システムの構築をサポートします。キーワード: 記録情報管理、BPO、デジタル化、IT化,顧客ニーズに応じた柔軟なサービス提供、デジタル化推進、地域密着型サービス展開、グループシナジー効果の活用、競争力強化,日本レコードマネジメント株式会社/エナジーレコードマネジメント株式会社/青森レコードマネジメントサービス株式会社/レコードマネジメントサービス株式会社,記録情報管理業務、BPOサービス、コンサルティングサービス、電子配信サービス、法令遵守支援,2.01E+12,101-0044,東京都千代田区鍛冶町二丁目9番12号 神田徳力ビル5F,https://www.nrmhd.co.jp/,未上場,"2,000万円",2017/4/7,代表取締役社長,仲田 英明,"221,000千円","18,000千円","15,000千円",仲田 英明,03-3258-8670,,,Indeed/はたらいく/エンゲージ/タウンワーク,,,,,
2024/09/15/00:36,一般財団法人国民公園協会 皇居外苑,03-3231-5509,本社,公園管理業,3,,0,BtoC,一般財団法人国民公園協会は、皇居外苑の維持管理を行い、環境保全と利用者サービスの充実に努めています。自然環境調査、ガイドセミナー、写真コンクールなどを通じて、自然環境の保護と普及啓発活動を行っています。,環境保全と利用者サービスの向上を図り、持続可能な公園管理を目指す。,他の公園管理団体/環境保護団体/観光施設運営会社,皇居外苑 きんつば/皇居外苑 どらやき/皇居外苑 ようかん,1.01001E+12,100-0002,東京都千代田区皇居外苑1-1,https://fng.or.jp/koukyo/,非上場,,1982/8/1,代表理事,杉山 博孝,,,,杉山 博孝/吉田 忠嗣/西尾 哲茂/中野 喜美/池田 善一/浦田 啓充/大西 祐資/鈴鹿 且久/鳥居 敏男/澤村 宏/森木 隆裕,03-3201-1131,,,,,,,https://www.instagram.com/kokyogaien_info/,
2024/09/15/00:38,株式会社東和ビルメンテナンス,03-5217-1885,本社,建物サービス業,3,,0,BtoB,株式会社東和ビルメンテナンスは、東京都千代田区に本社を置く総合ビル管理会社で、清掃、設備管理、警備、屋上緑化工事、アスベスト分析などを行っています。設立は1974年で、資本金は1000万円、従業員数は約90名です。キーワード: ビル管理、清掃、設備管理、警備、環境衛生。,専門性を高めるために多岐にわたるサービスを提供し、顧客との長期的な関係構築を重視。従業員の技術力向上や労働環境の整備にも注力。,株式会社日本管財/株式会社大成有楽不動産/株式会社三井不動産ファシリティーズ/株式会社セコム/株式会社ALSOKファシリティーズ,清掃管理サービス、環境衛生管理、設備管理及び工事、営繕工事,9.01E+12,101-0054,東京都千代田区神田錦町3-7-2 逸侶ビル3F,http://www.towa-birumente.co.jp/,非上場,"1,000万円",1974/9/26,代表取締役,吉田 實,"130,000千円",,,,03-5217-2585,,,,,,,,
2024/09/15/00:39,神田通信機株式会社,03-3252-7731,本社,建設業,11,11,,BtoB,神田通信機株式会社は、情報通信システムの開発、ソフトウェア開発、制御照明事業、通信システム開発、コンピュータ・ネットワークシステムの開発を行っています。主要な顧客には一般企業、病院、学校、官公庁が含まれ、ネットワークインフラの構築やソフトウェア開発を提供しています。キーワード: 情報通信、ソフトウェア、ネットワーク、制御照明。,情報通信事業と照明制御事業を中心に、顧客ニーズに応じたネットワークインフラの設計・構築を行い、クラウド化やモバイル化に対応した新たなソリューションを提供。環境への配慮も重視し、ISO14001認証を取得。,日本電気株式会社（NEC）/富士通株式会社/株式会社日立製作所/ソフトバンク株式会社/NTTグループ,情報通信システム、ソフトウェア開発、制御照明システム、通信システム、コンピュータ・ネットワークシステム、ファシリティサービス、コンタクトセンター業務,6.01E+12,101-0043,東京都千代田区神田富山町24番地,https://www.kandt.co.jp/,東京証券取引所スタンダード市場,13億1082万5千円,1947/9/26,代表取締役社長,神部 雅人,"59,780,000千円","5,059,000千円","370,000千円",神部 雅人/森川 幸一/神藤 善行/杉岡 久紀/土生 哲也/佐々木 邦治/田辺 正行/大塚 有希子/東 志穂,,,,,,,,,
2024/09/15/00:41,株式会社クリーン工房 日本橋支店,03-5640-5450,支店,マンション・ビル管理、経営コンサルティング、不動産業界,,,,BtoB,株式会社クリーン工房は、マンションやビルの管理、経営コンサルティング、不動産関連のサービスを提供しています。地域のニーズに応じたサービスを展開し、社会関連の業務を中心に多岐にわたる業務を行っています。キーワード: マンション管理、ビル管理、経営コンサルティング、不動産,総合ビルメンテナンス事業の効率化、公共施設の指定管理業務、新規事業への注力、地域社会との連携を強化し、成長戦略を展開しています。,ダスキン/アムウェイ,オフィス清掃サービス、商業施設清掃サービス,4.03E+12,103-0013,東京都中央区日本橋人形町3丁目10番2号 フローラビル4F,https://www.cleankobo.co.jp/,非上場,"5,000万円",1975/1/28,代表取締役,川鍋 大二,"114,000,000千円",,,川鍋 大二/川鍋 一朗/江頭 高広/柳沼 靖/川鍋 綾子/藤田 直子/鈴木 新一,048-601-5454,koho@cleankobo.co.jp,,Indeed/求人ボックス,https://www.cleankobo.co.jp/contact/,,,,
2024/09/15/00:43,文部科学省 大臣官房人事課,03-5253-4111,本社,行政機関（日本標準産業分類の細分類名）,1,0,0,BtoG（Business to Government）,文部科学省は、日本の教育、文化、スポーツ、科学技術に関する政策を策定し、実施する政府機関です。教育制度の整備や文化財の保護、スポーツ振興などを行い、国民の学びと成長を支援します。キーワード：教育、文化、スポーツ、科学技術。,教育の質向上、国際化推進、科学技術の振興などを通じて、日本の未来を支える人材育成を目指しています。,該当なし（政府機関であるため）,教育政策、文化振興プログラム、スポーツイベント,該当なし（政府機関には法人番号はありません）,100-8959,東京都千代田区霞が関3丁目2番2号,https://www.mext.go.jp/,,,1949/5/1,大臣,岸田 文雄,該当なし（政府機関には売上高はありません）,,,大臣/副大臣/政務官,03-5253-4112,mext-honbu@ml.mext.go.jp,mext-saiyo@ml.mext.go.jp,官公庁採用情報サイト,,,MEXT Japan Twitter,,https://www.youtube.com/user/MEXTJAPAN
2024/09/15/00:44,株式会社パトロールサービス,03-3816-4511,本社,警備業,,,,BtoB,株式会社パトロールサービスは、施設警備、交通誘導警備、雑踏警備を中心に、病院受付や医療事務などの派遣業務も行っています。若い人材を活用し、警備の質を高めることを目指しています。キーワード: 警備、派遣、BtoB、若い人材,警備業務の質の向上と若い人材の活用を通じて、顧客に安心と安全を提供することを目指しています。,株式会社セノン/株式会社全日警/テイケイ株式会社/株式会社ジェイ・エス・エス,施設警備、交通誘導警備、雑踏警備、病院受付、医療事務,3.01E+12,113-0033,東京都文京区本郷2丁目25番6号 いすゞビル3階,https://www.patrol-service.com/,非上場,"1,000万円",1978/5/20,代表取締役社長,山元 顯太郎,,,,山元 顯太郎/水口 卓哉/内野 耕一/山元 沙織,03-3816-4570,info@patrol-service.com,info@patrol-service.com,Indeed/ジョブメドレー/リクナビNEXT/TOWN WORK,,,,,
2024/09/15/00:46,特定非営利活動法人自殺対策支援センターライフリンク,03-3261-4934,本社,保健・医療・福祉,,0,0,"BtoC, BtoB, CtoC","自殺予防と自死遺族支援を目的とし、電話相談やSNS相談を通じて包括的な支援を提供。自治体と連携し、地域自殺対策計画を策定。キーワード: 自殺予防, 自死遺族支援, 地域連携",自殺を社会問題と捉え、地域社会との連携を強化。電話相談やSNS相談のインフラを強化し、地域モデルを構築。,特定非営利活動法人ステップベース/特定非営利活動法人ワールド・ビジョン・ジャパン,"自殺予防プログラム, 自死遺族支援, 地域モデルの構築, 啓発活動",7.01001E+12,102-0073,東京都千代田区九段北四丁目3番8号 市ヶ谷UNビル4階,https://lifelink.or.jp/,非上場,"1,600万円",2004/10/7,代表,清水 康之,,"-54,683千円",,清水 康之,,info@lifelink.or.jp,,,,,,,
2024/09/15/00:47,日本ゴンドラ株式会社,03-5829-5581,,機械器具設置工事業,10,0,2,BtoB,日本ゴンドラ株式会社は、高層ビルの外壁清掃用ゴンドラの設計、製造、販売、設置工事、保守を行っています。主要製品には窓拭きゴンドラ、メンテナンスラダー、懸垂幕などがあります。キーワード: ゴンドラ、設計、製造、販売、保守。,更新と保守の需要を活かし、安定した収益基盤を築く。高層ビル向けのメンテナンス用ゴンドラの設計・製造・販売・工事・保守を行い、国内外での需要に応える。,建築用機械やメンテナンス機器を製造する企業,アーム俯仰型ゴンドラ、アーム固定伸縮型ゴンドラ、無軌道式ゴンドラ,7.01E+12,101-0024,東京都千代田区神田和泉町1-13 住友商事神田和泉町ビル6階,https://www.ngon.co.jp/,未上場,1億円,1961/3/22,代表取締役社長,三宮 正則,"2,310,620千円",,"341,927千円（2010年）",三宮 正則,03-5829-5592,,saiyou@ngon.co.jp,Indeed / マイナビ転職 / DODA / 求人ボックス,https://www.ngon.co.jp/inquery/index.php,,,,
2024/09/15/00:48,株式会社ケイコーポレーション,03-5817-4678,本社,外食産業、リサイクル事業,4,21,1,BtoC、BtoB,株式会社ケイコーポレーションは、岡山県を中心に外食産業とリサイクル事業を展開。地域密着型の飲食サービスを提供し、持続可能な循環型社会の形成を目指す。キーワード: 外食、リサイクル、地域密着、持続可能,地域密着型の経営を重視し、顧客満足度向上を目指す。多様な業態で異なる顧客層に対応し、テイクアウト＆デリバリーサービスを強化。,さくらインターネット/エックスサーバー/GMOインターネット/ロリポップ！,かに料理甲羅本店、くらしき茶寮、たん屋びぜん、かもがた茶屋,6.14E+12,101-0033,東京都千代田区神田岩本町15番地1 CYK神田岩本町12F,https://k-corpo.co.jp/,非上場,"1,000万円",2008/5/1,代表取締役社長,惠谷 龍二,"33,100,000千円","370,000千円","8,767千円",森田 渉/早乙女 立雄/長谷部 駿/加藤 貴士,03-5817-4607,info@kamogata-shop.com,recruit@k-corpo.co.jp,リクナビ/マイナビ,https://k-corpo.co.jp/contact,https://facebook.com/k-corpo,Twitter,https://instagram.com/k-corpo,https://youtube.com/k-corpo
2024/09/15/00:50,有限会社椎名創建,03-5878-1937,本社,建設業（塗装工事業、防水工事業、大工工事業、建具工事業、タイル・れんが・ブロック工事業、内装仕上工事業、ガラス工事業、石工事業、熱絶縁工事業、左官工事業、屋根工事業、板金工事業）,3,,,BtoB、BtoC,有限会社椎名創建は、東京都中央区に拠点を置き、立体駐車場の塗装工事や大規模修繕工事を得意としています。空間デザイン、リフォーム、リノベーション、輸入家具の販売、インテリアコーディネートも行い、住まいのライフスタイルに合わせた上質な空間を提供します。キーワード: リノベーション、インテリアコーディネート、塗装工事、大規模修繕、輸入家具,多様なサービス提供、高品質な施工と顧客満足、地域密着型の経営、技術と実績の継承、環境への配慮,三井不動産株式会社/株式会社LIXIL/株式会社ニトリ,空間デザイン、リフォーム・リノベーション、立体駐車場塗装、大規模修繕工事、防水・防錆塗装,6.0117E+12,104-0041,東京都中央区新富2丁目2番13号 新富太陽ビル5F,https://shiina-soken.com/,非上場,300万円,Dec-72,代表取締役,椎名 哲二,"13,880,000千円",記載なし,記載なし,椎名 哲二,03-5878-1938,記載なし,job@g-production.co.jp,ハローワークキャリア/JBプラットフォーム/キャリアインデックス,https://shiina-soken.com/contact,,記載なし,,
2024/09/15/00:52,株式会社サニーライフ,03-3255-5011,本社,介護サービス業,780,,0,BtoC,"株式会社サニーライフは、高齢者向けの介護サービスを提供する企業で、主に有料老人ホームや介護施設を運営しています。利用者の自立支援を重視し、個々の尊厳を尊重したサービスを提供しています。キーワード: 介護サービス, 自立支援, 高齢者福祉",高齢者向けの介護サービスを提供し、入居金無料の有料老人ホームを展開。職員教育やESGへの取り組みを強化し、地域社会への貢献を目指す。,ベストライフ/ニチイケアパレス,"有料老人ホーム, 介護サービス, 体験入居プログラム, 葬儀サービス, 結婚式サービス",1.2908E+12,101-0041,東京都千代田区神田須田町2丁目11-1 協友ビル8F・9F,,非上場,"2,500万円",1990/9/17,代表取締役社長,川島 輝雄,"1,633,000千円","4,596千円","1,869千円",大西 千里,03-3255-5020,お問い合わせフォームを利用,,,,,,,
2024/09/15/00:53,医療法人社団哲門会 岡部漢方内科,03-6274-6930,クリニック/診療所,一般診療所,,1,0,BtoC,西洋医学と中国伝統医学を融合した診断・治療を提供するクリニック。特に難病やコロナ後遺症の治療に注力。高品質の生薬を用いた自由診療を行う。,統合医療の提供、研究と最先端治療、地域密着型医療を重視。,漢方医学や統合医療を提供するクリニック,生薬治療、漢方食事療法,2.01001E+12,104-0061,東京都中央区銀座4-3-9 クイーンズハウス9F,http://okabesystemsmed.com/,非上場,"1,250万円",2016/1/1,理事長,岡部 哲郎,,,,岡部 哲郎,03-6274-6940,gwyph038@ybb.ne.jp,,ハローワークインターネットサービス/hellowork.careers/Indeed/スタンバイ,,,,,
2024/09/15/00:54,株式会社ディスパ,03-6633-2377,本社,情報提供サービス業,1,0,0,BtoB,株式会社ディスパは、新卒採用支援や求人広告代理業、採用代行業を行う企業で、企業の採用活動をサポートしています。キーワード: 新卒採用、求人広告、採用代行,中途採用支援や新卒採用コンサルティングを通じて、企業の採用活動を支援し、地域密着型の雇用戦略を展開しています。,リクルートキャリア/マイナビ/パーソルキャリア/エン・ジャパン/キャリトレ,新卒採用支援事業、求人広告代理業、合同企業説明会、採用ツール制作,3.01E+12,102-0072,東京都千代田区飯田橋1丁目5-9 精文館ビル1階,https://www.dispa.co.jp/,未上場,"3,100万円",1997/7/1,代表取締役,狩野 泰志,,,,狩野 泰志/山片 賢一,03-6633-2378,お問い合わせフォームを利用,jinji@dispa.co.jp,バイトル/タウンワーク,,,,,
2024/09/15/00:55,株式会社マイスター60,090-5198-8075,,人材サービス業,3,0,0,BtoB,株式会社マイスター60は、高齢者向けの人材派遣および職業紹介を行う企業です。「年齢は背番号、人生に定年なし」という理念のもと、特に建設や施設管理分野での技術者派遣に強みを持ち、シニア層の再就職支援や資格取得支援を提供しています。,シニア人材の雇用機会を創出し、彼らの経験とスキルを活かすことに焦点を当てています。紹介予定派遣や再就職支援プログラムを通じて、企業の競争力向上を図っています。,日本旅行ビジネスクリエイト/JELLYFISH/鹿島建物総合管理株式会社,人材派遣サービス、職業紹介サービス、シニアセカンドキャリア支援プログラム、技術者育成プログラム、ビル設備管理,2.0107E+12,101-0003,東京都千代田区一ツ橋2丁目5番5号 岩波書店一ツ橋ビル6F,http://www.mystar60.co.jp/,未上場,"1,000万円",1990/2/1,取締役社長,山脇 雅彦,"2,330,000千円","2,430,000千円",,平野 茂夫/山脇 雅彦/小田 真一朗/古今 敬之/福冨 弘敦/柳川 取締役事業部長,03-6347-7296,不明（公式サイトのフォームを利用）,不明（公式サイトのフォームを利用）,マイスター60公式サイト/マイナビミドルシニア/ジョブズゴー/はたらいく,,https://www.facebook.com/meister0502/?locale=ja_JP,公式Xアカウント,,https://www.youtube.com/channel/UCFUDSc-m1m8pfdl1Yvdut_A
2024/09/15/00:59,特定非営利活動法人エヌフィット,03-5614-7370,,サービス業（他に分類されないもの）,2,2,0,"BtoC, BtoB",特定非営利活動法人エヌフィットは、障害者支援を目的としたNPO法人で、就労移行支援、自立訓練、共同生活援助、相談支援などを提供しています。これにより、障害者の社会参加と自立を促進しています。キーワード: 障害者支援、就労移行、自立訓練。,就労移行支援を中心に、地域との連携を強化し、障害者の雇用機会を拡大する。オンラインサービスの提供も強化。,NPO法人あすなろ/NPO法人リハビリテーションセンター/社会福祉法人〇〇会/NPO法人グッドライフ,就労移行支援、自立訓練、共同生活援助、相談支援、就労定着支援,2.01001E+12,103-0013,東京都中央区日本橋人形町3丁目3番10号 日本橋TECビル4階・5階,https://www.n-fit-nihonbashi.org/,非上場,,2009/7/3,代表理事,山本 剛,"197,000千円",,"1,127千円",山本 剛,,,,,,,,,
2024/09/15/01:00,株式会社JSH,092-292-6680,本社,障がい者雇用支援、訪問診療サポート,2,,,BtoB,株式会社JSHは、障がい者雇用支援と訪問診療サポートを中心に事業を展開しています。特に「コルディアーレ農園」を通じて、障がい者に就労機会を提供し、地方創生に貢献しています。キーワード: 障がい者雇用、訪問診療、地方創生,社会的責任を果たしつつ、経済的利益を追求することで、障がい者の自立支援と企業成長を目指す。,N・フィールド株式会社/株式会社メディカル・リソース/株式会社アスモ/株式会社ウィルグループ/株式会社リハビリテーションセンター,コルディアーレ訪問看護ステーション,,812-0011,福岡市博多区博多駅前1丁目15-20 NMF博多駅前ビル5階,,非上場,,,,,"3,482,000千円","194,000千円","208,000千円",,,,,,,,,,
2024/09/15/01:04,株式会社ブライトイノベーション,03-6280-3936,本社,環境コンサルティング業,1,0,0,BtoB,"株式会社ブライトイノベーションは、環境経営やサステナビリティに特化したコンサルティングファームです。カーボンニュートラルやサーキュラーエコノミーの実現を目指し、企業の環境戦略と経営戦略の統合を支援します。具体的には、温室効果ガス削減、資源循環モデル構築、ESG評価向上などのサービスを提供しています。キーワード: 環境経営, サステナビリティ, カーボンニュートラル, サーキュラーエコノミー, ESG評価",カーボンニュートラルの実現、サーキュラーエコノミーの推進、生物多様性への配慮、ESG情報開示支援、日立製作所との協業による環境経営の進化支援,アミタホールディングス株式会社/株式会社PCER/株式会社タスク（コンサルティング）/TM人事労務コンサルティング株式会社,カーボンニュートラルコンサルティング、サーキュラーエコノミーコンサルティング、ESG情報開示支援、環境DX、温室効果ガス削減ソリューション,7.0104E+12,104-0033,東京都中央区新川1-23-5 SHINKAWA EAST 2階,https://brightinnovation.jp/,未上場,"1,000万円",2016/4/1,代表取締役社長,中作 憲展,59031,74827,,中作 憲展/内藤 みゆき,03-6280-3937,,,,,,,,
2024/09/15/01:06,株式会社GXA,03-6667-0709,本社,教育サービス業、スポーツ関連産業,4,,,BtoB、BtoC,株式会社GXAは、スポーツと教育を通じてグローバルな人材を育成することを目指す企業です。野球、ラグビー、バスケットボールなどのスポーツ留学や教室の運営を行い、国際的な視点を持つ人材の育成に注力しています。キーワード: スポーツ、教育、人材育成、グローバル,スポーツと教育をテーマにしたビジョンに基づき、新規ビジネスの展開やM&A戦略を進めています。人間力の向上を重視し、グローバル展開を視野に入れた戦略を進めています。,株式会社JTB/株式会社近畿日本ツーリスト/楽天トラベル/エクスペディア,GXA BASEBALL、GXA RUGBY、GXA BASKETBALL、GXA TRAINER、GXA CAREER、GXA JAPAN SPORTS TOUR、GXA EVENT PR,8.01E+12,103-0001,東京都中央区日本橋小伝馬町14-7 アクサ小伝馬町ビル5F,https://gxa.co.jp/,非上場,"1,000万円",2007/8/9,代表取締役,安田 厚,,,,安田 厚/平林 豊,03-6667-0824,,,,,,,,
2024/09/15/01:08,株式会社図書館流通センター,080-6719-9900,本社,図書館業、情報サービス業,8,0,0,BtoB,図書館流通センター（TRC）は、公共図書館、学校図書館、専門図書館などに対して、書籍や資料の提供、図書館業務の受託運営、情報システムの構築・運用を行っています。地域の文化や教育の発展に寄与し、図書館が地域社会で果たす役割を強化しています。キーワード: 図書館支援、情報サービス、地域貢献,総合的な図書館支援、デジタル化とICT活用、地域との連携、持続可能な運営,株式会社ヴィアックス/株式会社丸善雄松堂/株式会社キャリアパワー/日本アスペクトコア/リブネット,TRC MARC、書籍販売、物流サービス,3.01E+12,112-0012,東京都文京区大塚3丁目1番1号,https://www.trc.co.jp/,未上場,"2億6,605万円",1979/12/20,代表取締役社長,谷 一文子,"54,215,000千円","2,637,000千円","3,617,000千円",,03-3943-8441,desk@trc.co.jp,,リクナビ,,,,,
2024/09/15/01:09,ビーフェア株式会社,03-6260-8357,本社,保育サービス業,21,,,BtoC,ビーフェア株式会社は、東京都内で21園の認可保育園、小規模認可保育園、認証保育園を運営しています。京進グループの一員として、安全・安心を第一に、知育や英語を取り入れた保育を行っています。キーワード: 保育園、京進グループ、安全、知育、英語,保育園の運営を通じて社会貢献を目指し、待機児童問題の改善に貢献。京進グループの一員として保育事業の基盤を拡大。,HOPPA/アスク/ポピンズ/ニチイ学館,認可保育園、小規模保育事業、東京都認証保育所,7.0127E+12,101-0047,東京都千代田区内神田2丁目15番9号 The Kanda 282ビル5F,https://bflove.com/,未上場,"3,000万円",2001/10/1,代表取締役,青松 武志,"14,940,100千円","7,000千円","1,000千円",水口 加緒里/立木 康之,03-6384-0697,,,ジョブメドレー/求人ボックス/Indeed/グッピー,,https://bn-in.facebook.com/bfvapea/,,https://www.instagram.com/hoppa_befair/?hl=ja,
2024/09/15/01:10,株式会社暉技術,03-3526-3305,支店,総合工事業,3,0,0,BtoB,株式会社暉技術は、建築工事、設備工事、電気工事、土木工事を手掛ける総合建設サービス企業です。設計、施工、管理を通じて、ビル、マンション、商業施設、公共施設などの多様なニーズに応えています。キーワード: 建築、設備、電気、土木、施工管理。,人材を大切にし、技術力を最大限に発揮できる環境を重視し、顧客満足度の向上を目指しています。,西松建設/竹中工務店/遠藤照明,建築工事、設備工事、電気工事、土木工事,6.12E+12,101-0041,東京都千代田区神田須田町1-4-10 Y101ビル8F,https://hikarigijutu.co.jp/,非上場,"1,000万円",2013/8/6,代表取締役,田中 清貴,,,,,03-3526-3306,jinji@hikarigijutu.co.jp,,,,,,,
2024/09/15/01:11,三陽商工株式会社,03-3552-3761,本社,産業用容器の販売およびリース,2,2,,BtoB,三陽商工株式会社は、ドラム缶、ブリキ缶、ペール缶などの産業用容器を販売・リースし、使用済み容器の回収と再利用を通じて循環型社会の実現に貢献しています。キーワード: 産業用容器、販売、リース、循環型社会,環境への配慮、商品開発と多様化、顧客基盤の強化、リスク管理,信友株式会社/他の産業用容器メーカー/物流包装資材関連企業,鋼製ドラム缶、ペール缶、ファイバードラム、ブリキ缶、コンテナ,7.01E+12,104-0032,東京都中央区八丁堀2-11-7 MC八丁堀ビル3階,http://www.sanyo-sk.co.jp/,未上場,"3,000万円",1964/10/1,代表取締役,稲岡 雅晴,"10,000,000千円から100,000,000千円の範囲",,,稲岡 雅晴/吉野 直之/稲岡 斉彦,03-3553-1780,,,DODA/会社の評判/三陽商工株式会社公式サイト/エンゲージ,https://www.sanyo-sk.co.jp/recruit/index.html,,,,
2024/09/15/01:14,株式会社ディライト,03-6667-5766,本社,ビジネスサービス,0,23,,BtoB/BtoC,株式会社ディライトは、葬儀業界とお墓業界に特化した集客支援および人材支援を行っています。ウェブサイト制作やGoogleマップ運用、口コミサイト運営を通じて、葬儀社や墓石店の集客を支援します。キーワード: 葬儀、集客支援、人材派遣。,顧客起点の経営、デジタルトランスフォーメーションの推進、グループ経営の強化、持続可能な成長を目指す。,大伸社ディライト/株式会社ディライトソリューションズ,CFD++、EDDL、BD、AAPD、SQS、DMESH,3.0133E+12,160-0022,東京都新宿区新宿1-36-12 サンカテリーナ2F,https://delight.co.jp/,非上場,"5,000万円",1953/3/16,代表取締役,高橋 亮,"72,740,000千円","154,000,000千円","152,350,000千円",出口 哲也/宇野 雄三/齋藤 和彦,03-6667-5767,support145@delight-solutions.co.jp,,,,,,,